iter	Logloss
0	0.1944180489
1	0.1097030844
2	0.06328210831
3	0.04366970062
4	0.03409499781
5	0.02294251408
6	0.01999742814
7	0.01704700504
8	0.01505502292
9	0.01332059247
